## PLEASE DO NOT MODIFY THIS CODE - Just copy paste it in the schema panel on http://sqlfiddle.com/

CREATE TABLE IF NOT EXISTS `campaign` (
  `campaign_id` int(6) unsigned NOT NULL,
  `campaign_start_date` date NOT NULL,
  `volume` int(6) NOT NULL,
  `opens` int(6) NOT NULL,
  `clicks` int(6) NOT NULL,
  PRIMARY KEY (`campaign_id`)
) DEFAULT CHARSET=utf8;

INSERT INTO `campaign` (`campaign_id`, `campaign_start_date`, `volume`,`opens`,`clicks`) VALUES
('12314','2020-01-01','100000','35315','5000'),
('35135','2020-01-30','200000','34313','1351'),
('23232','2019-03-02','145678','20000','1313'),
('41341','2020-04-05','134343','40000','222'),
('13413','2020-03-28','22422','10003','552'),
('35146','2020-02-26','13535','3151','2515'),
('13563','2020-06-22','142424','13513','223'),
('24525','2020-06-23','3533','3333','201');

CREATE TABLE IF NOT EXISTS `recipient` (
  `recipient_id` int(2) unsigned NOT NULL,
  `first_name` varchar(20) NOT NULL,
  `last_name` varchar(20) NOT NULL,
  PRIMARY KEY (`recipient_id`)
) DEFAULT CHARSET=utf8;

INSERT INTO `recipient` (`recipient_id`, `first_name`, `last_name`) VALUES
('1','Dave','Curtis'),
('2','Rick','Mason'),
('3','Nick','Gahan'),
('4','Roger','Gore'),
('5','Dave','Waters'),
('6','Martin','Wilder'),
('7','Alan','Wright'),
('8','Ian','Gilmour');

CREATE TABLE IF NOT EXISTS `delivery_logs` (
  `campaign_id` int(6) unsigned NOT NULL,
  `recipient_id` int(2) unsigned NOT NULL,
  `date_received` date NOT NULL,
  `open_flag` smallint(1) NOT NULL,
  `click_flag` smallint(1) NOT NULL,
  PRIMARY KEY (`campaign_id`, `recipient_id`)
) DEFAULT CHARSET=utf8;

INSERT INTO `delivery_logs` (`campaign_id`, `recipient_id`, `date_received`, `open_flag`, `click_flag`) VALUES
('12314','1','2020-01-02','1','1'),
('35135','1','2020-01-31','1','0'),
('23232','1','2019-03-03','1','1'),
('41341','1','2020-04-06','0','0'),
('13413','1','2020-03-29','0','0'),
('35146','1','2020-02-27','1','0'),
('13563','1','2020-06-23','1','1'),
('24525','1','2020-06-24','1','0'),
('12314','2','2020-01-03','0','0'),
('35135','2','2020-02-01','1','1'),
('23232','2','2019-03-04','1','1'),
('41341','2','2020-04-07','0','0'),
('13413','2','2020-03-30','0','0'),
('35146','2','2020-02-28','0','0'),
('13563','2','2020-06-24','0','0'),
('24525','2','2020-06-25','0','0'),
('12314','3','2020-01-04','1','1'),
('35135','3','2020-02-02','1','1'),
('23232','3','2019-03-05','1','1'),
('41341','3','2020-04-08','1','1'),
('13413','3','2020-03-31','1','0'),
('35146','3','2020-02-29','1','0'),
('13563','3','2020-06-25','1','0'),
('24525','3','2020-06-26','1','1'),
('12314','4','2020-01-09','1','1'),
('35135','4','2020-02-07','1','1'),
('23232','4','2019-03-10','0','0'),
('41341','4','2020-04-13','0','0'),
('13413','4','2020-04-05','0','0'),
('35146','4','2020-03-05','1','1'),
('13563','4','2020-06-30','1','1'),
('24525','4','2020-07-01','1','0'),
('12314','5','2020-01-09','1','1'),
('35135','5','2020-02-07','1','1'),
('23232','5','2019-03-10','0','0'),
('41341','5','2020-04-13','0','0'),
('13413','5','2020-04-05','0','0'),
('35146','5','2020-03-05','1','1'),
('13563','5','2020-06-30','1','1'),
('24525','5','2020-07-01','1','0'),
('12314','6','2020-01-09','1','1'),
('35135','6','2020-02-07','1','1'),
('23232','6','2019-03-10','0','0'),
('41341','6','2020-04-13','0','0'),
('13413','6','2020-04-05','0','0'),
('35146','6','2020-03-05','1','1'),
('13563','6','2020-06-30','1','1'),
('24525','6','2020-07-01','1','0'),
('12314','7','2020-01-09','1','1'),
('35135','7','2020-02-07','1','1'),
('23232','7','2019-03-10','0','0'),
('41341','7','2020-04-13','0','0'),
('13413','7','2020-04-05','0','0'),
('35146','7','2020-03-05','1','1'),
('13563','7','2020-06-30','1','1'),
('24525','7','2020-07-01','1','0'),
('12314','8','2020-01-09','1','1'),
('35135','8','2020-02-07','1','1'),
('23232','8','2019-03-10','0','0'),
('41341','8','2020-04-13','0','0'),
('13413','8','2020-04-05','0','0'),
('35146','8','2020-03-05','1','1'),
('13563','8','2020-06-30','1','1'),
('24525','8','2020-07-01','1','0');